2022年,公司名称(中英文),营业收入(百万美元),利润(百万美元),国家
1,沃尔玛（WALMART),572754,13673,美国
2,亚马逊（AMAZON.COM),469822,33364,美国
3,国家电网有限公司（STATE GRID),460616,7137,中国
4,中国石油天然气集团有限公司（CHINA NATIONAL PETROLEUM),411692,9637,中国
5,中国石油化工集团有限公司（SINOPEC GROUP),401313,8316,中国
6,沙特阿美公司（SAUDI ARAMCO),400399,105369,沙特阿拉伯
7,苹果公司（APPLE),365817,94680,美国
8,大众公司（VOLKSWAGEN),295819,18186,德国
9,中国建筑集团有限公司（CHINA STATE CONSTRUCTION ENGINEERING),293712,4443,中国
10,CVS Health公司（CVS HEALTH),292111,7910,美国
11,联合健康集团（UNITEDHEALTH GROUP),287597,17285,美国
12,埃克森美孚（EXXON MOBIL),285640,23040,美国
13,丰田汽车公司（TOYOTA MOTOR),279337,25371,日本
14,伯克希尔－哈撒韦公司（BERKSHIRE HATHAWAY),276094,89795,美国
15,壳牌公司（SHELL),272657,20101,英国
16,麦克森公司（MCKESSON),263966,1114,美国
17,Alphabet公司（ALPHABET),257637,76033,美国
18,三星电子（SAMSUNG ELECTRONICS),244334,34293,韩国
19,托克集团（TRAFIGURA GROUP),231308,3100,新加坡
20,鸿海精密工业股份有限公司（HON HAI PRECISION INDUSTRY),214619,4988,中国
21,美源伯根公司（AMERISOURCEBERGEN),213988,1539,美国
22,中国工商银行股份有限公司（INDUSTRIAL & COMMERCIAL BANK OF CHINA),209000,54003,中国
23,嘉能可（GLENCORE),203751,4974,瑞士
24,中国建设银行股份有限公司（CHINA CONSTRUCTION BANK),200434,46898,中国
25,中国平安保险（集团）股份有限公司（PING AN INSURANCE),199629,15753,中国
26,开市客（COSTCO WHOLESALE),195929,5007,美国
27,道达尔能源公司（TOTALENERGIES),184634,16032,法国
28,中国农业银行股份有限公司（AGRICULTURAL BANK OF CHINA),181411,37390,中国
29,Stellantis集团（STELLANTIS),176663,16789,荷兰
30,信诺（CIGNA),174078,5365,美国
31,中国中化控股有限责任公司（SINOCHEM HOLDINGS),172260,-197,中国
32,美国电话电报公司（AT&T),168864,20081,美国
33,微软（MICROSOFT),168088,61271,美国
34,中国铁路工程集团有限公司（CHINA RAILWAY ENGINEERING GROUP),166452,1853,中国
35,英国石油公司（BP),164195,7565,英国
36,嘉德诺（CARDINAL HEALTH),162467,611,美国
37,雪佛龙（CHEVRON),162465,15625,美国
38,梅赛德斯-奔驰集团（MERCEDES-BENZ GROUP),158306,27200,德国
39,中国铁道建筑集团有限公司（CHINA RAILWAY CONSTRUCTION),158203,1703,中国
40,中国人寿保险（集团）公司（CHINA LIFE INSURANCE),157095,3087,中国
41,三菱商事株式会社（MITSUBISHI),153690,8345,日本
42,中国银行股份有限公司（BANK OF CHINA),152409,33573,中国
43,家得宝（HOME DEPOT),151157,16433,美国
44,中国宝武钢铁集团有限公司（CHINA BAOWU STEEL GROUP),150730,2994,中国
45,沃博联（WALGREENS BOOTS ALLIANCE),148579,2542,美国
46,京东集团股份有限公司（JD.COM),147526,-551,中国
47,安联保险集团（ALLIANZ),144516,7815,德国
48,安盛（AXA),144446,8623,法国
49,马拉松原油公司（MARATHON PETROLEUM),141032,9738,美国
50,Elevance Health公司（ELEVANCE HEALTH),138639,6104,美国
51,克罗格（KROGER),137888,1655,美国
52,俄罗斯天然气工业股份公司（GAZPROM),137731,28405,俄罗斯
53,福特汽车公司（FORD MOTOR),136341,17937,美国
54,威瑞森电信（VERIZON COMMUNICATIONS),133613,22065,美国
55,阿里巴巴集团控股有限公司（ALIBABA GROUP HOLDING),132935,9700,中国
56,富腾公司（FORTUM),132894,873,芬兰
57,中国移动通信集团有限公司（CHINA MOBILE COMMUNICATIONS),131913,14628,中国
58,中国五矿集团有限公司（CHINA MINMETALS),131800,616,中国
59,宝马集团（BMW GROUP),131521,14639,德国
60,中国交通建设集团有限公司（CHINA COMMUNICATIONS CONSTRUCTION),130664,1397,中国
61,本田汽车（HONDA MOTOR),129546,6294,日本
62,德国电信（DEUTSCHE TELEKOM),128630,4937,德国
63,摩根大通公司（JPMORGAN CHASE),127202,48334,美国
64,通用汽车公司（GENERAL MOTORS),127004,10019,美国
65,中国海洋石油集团有限公司（CHINA NATIONAL OFFSHORE OIL),126920,9183,中国
66,Centene公司（CENTENE),125982,1347,美国
67,卢克石油公司（LUKOIL),125134,10496,俄罗斯
68,上海汽车集团股份有限公司（SAIC MOTOR),120900,3803,中国
69,山东能源集团有限公司（SHANDONG ENERGY GROUP),120012,173,中国
70,中国华润有限公司（CHINA RESOURCES),119601,4544,中国
71,Meta Platforms公司（META PLATFORMS),117929,39370,美国
72,意大利忠利保险公司（ASSICURAZIONI GENERALI),117155,3366,意大利
73,美国康卡斯特电信公司（COMCAST),116385,14159,美国
74,Phillips 66公司（PHILLIPS 66),114852,1317,美国
75,恒力集团有限公司（HENGLI GROUP),113536,2374,中国
76,正威国际集团有限公司（AMER INTERNATIONAL GROUP),112049,2010,中国
77,厦门建发集团有限公司（XIAMEN C&D),111556,1114,中国
78,日本伊藤忠商事株式会社（ITOCHU),109434,7302,日本
79,中国第一汽车集团有限公司（CHINA FAW GROUP),109404,3600,中国
80,中国医药集团有限公司（SINOPHARM),108779,12164,中国
81,中国邮政集团有限公司（CHINA POST GROUP),108669,5983,中国
82,瓦莱罗能源公司（VALERO ENERGY),108332,930,美国
83,日本电报电话公司（NIPPON TELEGRAPH AND TELEPHONE),108215,10513,日本
84,法国农业信贷银行（CRéDIT AGRICOLE),107695,6909,法国
85,国家能源投资集团有限责任公司（CHINA ENERGY INVESTMENT),107094,5452,中国
86,戴尔科技公司（DELL TECHNOLOGIES),106995,5563,美国
87,塔吉特公司（TARGET),106005,6946,美国
88,三井物产株式会社（MITSUI),104664,8142,日本
89,中国南方电网有限责任公司（CHINA SOUTHERN POWER GRID),104118,1304,中国
90,意大利国家电力公司（ENEL),104052,3770,意大利
91,中粮集团有限公司（COFCO),103087,1497,中国
92,现代汽车（HYUNDAI MOTOR),102775,4318,韩国
93,房利美（FANNIE MAE),101543,22176,美国
94,日本邮政控股公司（JAPAN POST HOLDINGS),100278,4466,日本
95,法国电力公司（ELECTRICITé DE FRANCE),99861,6045,法国
96,华为投资控股有限公司（HUAWEI INVESTMENT & HOLDING),98724,17622,中国
97,联合包裹速递服务公司（UNITED PARCEL SERVICE),97287,12890,美国
98,印度人寿保险公司（LIFE INSURANCE CORP. OF INDIA),97266,553,印度
99,德国邮政敦豪集团（DEUTSCHE POST DHL GROUP),96652,5974,德国
100,中国电力建设集团有限公司（POWERCHINA),96421,679,中国
101,美国劳氏公司（LOWE'S),96250,8442,美国
102,中国中信集团有限公司（CITIC GROUP),96125,4891,中国
103,雀巢公司（NESTLé),95292,18497,瑞士
104,信实工业公司（RELIANCE INDUSTRIES),93982,8150,印度
105,美国银行（BANK OF AMERICA),93851,31978,美国
106,厦门国贸控股集团有限公司（XIAMEN ITG HOLDING GROUP),93791,383,中国
107,强生（JOHNSON & JOHNSON),93775,20878,美国
108,博世集团（BOSCH GROUP),93106,2382,德国
109,巴斯夫公司（BASF),92929,6530,德国
110,中国人民保险集团股份有限公司（PEOPLE'S INSURANCE CO. OF CHINA),92182,3329,中国
111,埃尼石油公司（ENI),91951,6882,意大利
112,意昂集团（E.ON),91462,5546,德国
113,日立（HITACHI),91374,5194,日本
114,Equinor公司（EQUINOR),90924,8563,挪威
115,皇家阿霍德德尔海兹集团（ROYAL AHOLD DELHAIZE),89385,2655,荷兰
116,索尼（SONY),88320,7853,日本
117,SK集团（SK),88081,1721,韩国
118,俄罗斯石油公司（ROSNEFT OIL),87831,11983,俄罗斯
119,家乐福（CARREFOUR),87830,1267,法国
120,物产中大集团股份有限公司（WUCHAN ZHONGDA GROUP),87210,617,中国
121,腾讯控股有限公司（TENCENT HOLDINGS),86835,34854,中国
122,东风汽车集团有限公司（DONGFENG MOTOR),86122,1440,中国
123,法国巴黎银行（BNP PARIBAS),85300,11218,法国
124,ADM公司（ARCHER DANIELS MIDLAND),85249,2709,美国
125,绿地控股集团股份有限公司（GREENLAND HOLDING GROUP),84454,957,中国
126,乐购（TESCO),84192,2031,英国
127,中国远洋海运集团有限公司（COSCO SHIPPING),84129,6420,中国
128,巴西国家石油公司（PETROBRAS),83966,19875,巴西
129,联邦快递（FEDEX),83959,5231,美国
130,Engie集团（ENGIE),83621,4328,法国
131,中国电信集团有限公司（CHINA TELECOMMUNICATIONS),83596,1935,中国
132,哈门那公司（HUMANA),83064,2933,美国
133,慕尼黑再保险集团（MUNICH RE GROUP),83051,3467,德国
134,美国富国银行（WELLS FARGO),82407,21548,美国
135,州立农业保险公司（STATE FARM INSURANCE),82224,1280,美国
136,中国兵器工业集团有限公司（CHINA NORTH INDUSTRIES GROUP),81785,1741,中国
137,辉瑞制药有限公司（PFIZER),81288,21979,美国
138,碧桂园控股有限公司（COUNTRY GARDEN HOLDINGS),81091,4154,中国
139,中国铝业集团有限公司（ALUMINUM CORP. OF CHINA),80406,1398,中国
140,引能仕控股株式会社（ENEOS HOLDINGS),80132,4781,日本
141,花旗集团（CITIGROUP),79865,21952,美国
142,印度石油公司（INDIAN OIL),79542,3370,印度
143,百事公司（PEPSICO),79474,7618,美国
144,中国航空工业集团有限公司（AVIATION INDUSTRY CORP. OF CHINA),79332,855,中国
145,英特尔公司（INTEL),79024,19868,美国
146,西班牙国家银行（BANCO SANTANDER),78689,9605,西班牙
147,Seven & I 控股公司（SEVEN & I HOLDINGS),78458,1890,日本
148,日本永旺集团（AEON),78155,58,日本
149,汇丰银行控股公司（HSBC HOLDINGS),77330,13917,英国
150,太平洋建设集团有限公司（PACIFIC CONSTRUCTION GROUP),77072,5594,中国
151,美国邮政（U.S. POSTAL SERVICE),77041,-4930,美国
152,招商局集团有限公司（CHINA MERCHANTS GROUP),76766,8525,中国
153,安赛乐米塔尔（ARCELORMITTAL),76571,14956,卢森堡
154,宝洁公司（PROCTER & GAMBLE),76118,14306,美国
155,交通银行股份有限公司（BANK OF COMMUNICATIONS),75986,13577,中国
156,迪奥公司（CHRISTIAN DIOR),75923,5847,法国
157,丸红株式会社（MARUBENI),75742,3777,日本
158,布鲁克菲尔德资产管理公司（BROOKFIELD ASSET MANAGEMENT),75731,3966,加拿大
159,西门子（SIEMENS),75515,7362,德国
160,厦门象屿集团有限公司（XMXYG),75094,409,中国
161,日产汽车（NISSAN MOTOR),74994,1918,日本
162,北京汽车集团有限公司（BEIJING AUTOMOTIVE GROUP),74687,318,中国
163,晋能控股集团有限公司（JINNENG HOLDING GROUP),74588,-340,中国
164,日本生命保险公司（NIPPON LIFE INSURANCE),74392,3086,日本
165,通用电气公司（GENERAL ELECTRIC),74196,-6520,美国
166,墨西哥石油公司（PEMEX),73761,-14525,墨西哥
167,第一生命控股有限公司（DAI-ICHI LIFE HOLDINGS),73082,3644,日本
168,国际商业机器公司（INTERNATIONAL BUSINESS MACHINES),72344,5743,美国
169,瑞士罗氏公司（ROCHE GROUP),72053,15242,瑞士
170,艾伯森公司（ALBERTSONS),71887,1619,美国
171,联想集团有限公司（LENOVO GROUP),71618,2029,中国
172,丰田通商公司（TOYOTA TSUSHO),71464,1978,日本
173,大都会人寿（METLIFE),71080,6554,美国
174,招商银行股份有限公司（CHINA MERCHANTS BANK),71063,18591,中国
175,保德信金融集团（PRUDENTIAL FINANCIAL),70934,7724,美国
176,江西铜业集团有限公司（JIANGXI COPPER),70914,464,中国
177,泰国国家石油有限公司（PTT),70652,3389,泰国
178,万科企业股份有限公司（CHINA VANKE),70197,3491,中国
179,苏黎世保险集团（ZURICH INSURANCE GROUP),69867,5202,瑞士
180,浙江荣盛控股集团有限公司（ZHEJIANG RONGSHENG HOLDING GROUP),69503,1170,中国
181,中国保利集团有限公司（CHINA POLY GROUP),69006,2034,中国
182,中国太平洋保险(集团)股份有限公司（CHINA PACIFIC INSURANCE (GROUP)),68313,4160,中国
183,华特迪士尼公司（WALT DISNEY),67418,1995,美国
184,Energy Transfer公司（ENERGY TRANSFER),67417,5470,美国
185,洛克希德－马丁（LOCKHEED MARTIN),67044,6315,美国
186,广州汽车工业集团有限公司（GUANGZHOU AUTOMOBILE INDUSTRY GROUP),66955,607,中国
187,LG电子（LG ELECTRONICS),66861,901,韩国
188,浦项制铁控股公司（POSCO HOLDINGS),66421,5773,韩国
189,河钢集团有限公司（HBIS GROUP),66149,219,中国
190,印度石油天然气公司（OIL & NATURAL GAS),65961,6112,印度
191,房地美（FREDDIE MAC),65898,12109,美国
192,丰益国际（WILMAR INTERNATIONAL),65793,1890,新加坡
193,松下控股公司（PANASONIC HOLDINGS),65774,2273,日本
194,巴西JBS公司（JBS),65036,3799,巴西
195,高盛（GOLDMAN SACHS GROUP),64989,21635,美国
196,中国建材集团有限公司（CHINA NATIONAL BUILDING MATERIAL GROUP),64416,603,中国
197,雷神技术公司（RAYTHEON TECHNOLOGIES),64388,3864,美国
198,英杰华集团（AVIVA),64240,2703,英国
199,山东魏桥创业集团有限公司（SHANDONG WEIQIAO PIONEERING GROUP),63738,1758,中国
200,荷兰全球保险集团（AEGON),63662,2341,荷兰
201,力拓集团（RIO TINTO GROUP),63495,21094,英国
202,惠普公司（HP),63487,6503,美国
203,英国法通保险公司（LEGAL & GENERAL GROUP),62504,2819,英国
204,波音（BOEING),62286,-4202,美国
205,联合利华（UNILEVER),62006,7151,英国
206,马士基集团（MAERSK GROUP),61787,17942,丹麦
207,空中客车公司（AIRBUS),61657,4981,荷兰
208,兴业银行股份有限公司（INDUSTRIAL BANK),61330,12818,中国
209,陕西煤业化工集团有限责任公司（SHAANXI COAL & CHEMICAL INDUSTRY),61299,596,中国
210,中国光大集团股份公司（CHINA EVERBRIGHT GROUP),61193,3708,中国
211,摩根士丹利（MORGAN STANLEY),61121,15034,美国
212,起亚公司（KIA),61049,4160,韩国
213,必和必拓集团（BHP GROUP),60817,11304,澳大利亚
214,日本制铁集团公司（NIPPON STEEL CORPORATION),60612,5673,日本
215,中国华能集团有限公司（CHINA HUANENG GROUP),60048,681,中国
216,马来西亚国家石油公司（PETRONAS),59873,10091,马来西亚
217,鞍钢集团有限公司（ANSTEEL GROUP),59447,1140,中国
218,万喜集团（VINCI),59388,3070,法国
219,邦吉公司（BUNGE),59152,2078,美国
220,法国兴业银行（SOCIéTé GéNéRALE),59057,6669,法国
221,HCA 医疗保健公司（HCA HEALTHCARE),58752,6956,美国
222,英国劳埃德银行集团（LLOYDS BANKING GROUP),58476,7954,英国
223,印尼国家石油公司（PERTAMINA),57508,2045,印度尼西亚
224,中国机械工业集团有限公司（SINOMACH),57446,458,中国
225,台积公司（TAIWAN SEMICONDUCTOR MANUFACTURING),56836,21209,中国
226,上海浦东发展银行股份有限公司（SHANGHAI PUDONG DEVELOPMENT BANK),56795,8217,中国
227,艾伯维（ABBVIE),56197,11542,美国
228,法国达飞海运集团（CMA CGM),55975,17893,法国
229,浙江吉利控股集团有限公司（ZHEJIANG GEELY HOLDING GROUP),55860,1471,中国
230,德国联邦铁路公司（DEUTSCHE BAHN),55658,-1087,德国
231,巴西淡水河谷公司（VALE),55585,22445,巴西
232,加拿大鲍尔集团（POWER CORP. OF CANADA),55488,2368,加拿大
233,中国电子科技集团有限公司（CHINA ELECTRONICS TECHNOLOGY GROUP),55457,2151,中国
234,软银集团（SOFTBANK GROUP),55383,-15204,日本
235,陶氏公司（DOW),54968,6311,美国
236,印度国家银行（STATE BANK OF INDIA),54643,4749,印度
237,雷诺（RENAULT),54639,1049,法国
238,青山控股集团有限公司（TSINGSHAN HOLDING GROUP),54573,2385,中国
239,百威英博（ANHEUSER-BUSCH INBEV),54304,4670,比利时
240,三菱日联金融集团（MITSUBISHI UFJ FINANCIAL GROUP),54087,10066,日本
241,盛虹控股集团有限公司（SHENGHONG HOLDING GROUP),53947,941,中国
242,特斯拉（TESLA),53823,5519,美国
243,中国船舶集团有限公司（CHINA STATE SHIPBUILDING),53670,2611,中国
244,Talanx公司（TALANX),53420,1195,德国
245,美的集团股份有限公司（MIDEA GROUP),53231,4429,中国
246,好事达（ALLSTATE),53228,1599,美国
247,沃达丰集团（VODAFONE GROUP),52931,2424,英国
248,诺华公司（NOVARTIS),52877,24021,瑞士
249,韩国电力公司（KOREA ELECTRIC POWER),52356,-4644,韩国
250,日本出光兴产株式会社（IDEMITSU KOSAN),52335,2488,日本
251,雷普索尔公司（REPSOL),52334,2954,西班牙
252,圣戈班集团（SAINT-GOBAIN),52211,2980,法国
253,东京海上日动火灾保险公司（TOKIO MARINE HOLDINGS),52198,3743,日本
254,拜耳集团（BAYER),52118,1182,德国
255,美国国际集团（AMERICAN INTERNATIONAL GROUP),52057,9388,美国
256,德国艾德卡公司（EDEKA ZENTRALE),51949,414,德国
257,陕西延长石油（集团）有限责任公司（SHAANXI YANCHANG PETROLEUM (GROUP)),51813,545,中国
258,百思买（BEST BUY),51761,2454,美国
259,特许通讯公司（CHARTER COMMUNICATIONS),51682,4654,美国
260,国家电力投资集团有限公司（STATE POWER INVESTMENT),51518,-184,中国
261,西斯科公司（SYSCO),51297,524,美国
262,默沙东（MERCK),51216,13049,美国
263,美国纽约人寿保险公司（NEW YORK LIFE INSURANCE),51198,277,美国
264,浙江恒逸集团有限公司（ZHEJIANG HENGYI GROUP),50974,177,中国
265,卡特彼勒（CATERPILLAR),50971,6489,美国
266,小米集团（XIAOMI),50898,2998,中国
267,中国联合网络通信股份有限公司（CHINA UNITED NETWORK COMMUNICATIONS),50827,977,中国
268,埃森哲（ACCENTURE),50533,5906,爱尔兰
269,中国能源建设集团有限公司（CHINA ENERGY ENGINEERING GROUP),50344,600,中国
270,俄罗斯联邦储蓄银行（SBERBANK),50277,16973,俄罗斯
271,Orange公司（ORANGE),50275,275,法国
272,伍尔沃斯集团（WOOLWORTHS GROUP),50210,1547,澳大利亚
273,中国民生银行股份有限公司（CHINA MINSHENG BANKING),50079,5330,中国
274,思科公司（CISCO SYSTEMS),49818,10591,美国
275,美洲电信（AMéRICA MóVIL),49701,9489,墨西哥
276,路易达孚集团（LOUIS DREYFUS),49569,697,荷兰
277,宏利金融（MANULIFE FINANCIAL),49314,5667,加拿大
278,电装公司（DENSO),49098,2349,日本
279,住友商事（SUMITOMO),48916,4127,日本
280,TJX公司（TJX),48550,3282,美国
281,日本KDDI电信公司（KDDI),48486,5986,日本
282,法国BPCE银行集团（GROUPE BPCE),48433,4732,法国
283,大众超级市场公司（PUBLIX SUPER MARKETS),48393,4412,美国
284,康菲石油公司（CONOCOPHILLIPS),48349,8079,美国
285,美国利宝互助保险集团（LIBERTY MUTUAL INSURANCE GROUP),48200,3068,美国
286,前进保险公司（PROGRESSIVE),47702,3350,美国
287,英格卡集团（INGKA GROUP),47545,1887,荷兰
288,友邦保险控股有限公司（AIA GROUP),47525,7427,中国
289,美国全国保险公司（NATIONWIDE),47376,1617,美国
290,东京电力公司（TOKYO ELECTRIC POWER),47268,50,日本
291,江苏沙钢集团有限公司（JIANGSU SHAGANG GROUP),47072,2273,中国
292,泰森食品（TYSON FOODS),47049,3047,美国
293,EXOR集团（EXOR GROUP),47010,2030,荷兰
294,葛兰素史克集团（GSK),46914,6030,英国
295,巴拉特石油公司（BHARAT PETROLEUM),46867,1568,印度
296,瑞士再保险股份有限公司（SWISS RE),46739,1437,瑞士
297,中国中煤能源集团有限公司（CHINA NATIONAL COAL GROUP),46664,691,中国
298,意大利联合圣保罗银行（INTESA SANPAOLO),46583,4948,意大利
299,苏商建设集团有限公司（SUSUN CONSTRUCTION GROUP),46478,1654,中国
300,西班牙电话公司（TELEFóNICA),46438,9620,西班牙
301,百时美施贵宝公司（BRISTOL-MYERS SQUIBB),46385,6994,美国
302,浙江省交通投资集团有限公司（ZHEJIANG COMMUNICATIONS INVESTMENT GROUP),46381,897,中国
303,赛诺菲（SANOFI),46317,7357,法国
304,Iberdrola公司（IBERDROLA),46245,4593,西班牙
305,利安德巴塞尔工业公司（LYONDELLBASELL INDUSTRIES),46173,5610,荷兰
306,韩华集团（HANWHA),46171,787,韩国
307,加拿大皇家银行（ROYAL BANK OF CANADA),45981,12750,加拿大
308,Alimentation Couche-Tard公司（ALIMENTATION COUCHE-TARD),45760,2705,加拿大
309,MS&AD保险集团控股有限公司（MS&AD INSURANCE GROUP HOLDINGS),45685,2339,日本
310,采埃孚（ZF FRIEDRICHSHAFEN),45298,780,德国
311,和硕（PEGATRON),45247,735,中国
312,德国大陆集团（CONTINENTAL),45162,1720,德国
313,耐克公司（NIKE),44538,5727,美国
314,法国布伊格集团（BOUYGUES),44507,1330,法国
315,中国兵器装备集团公司（CHINA SOUTH INDUSTRIES GROUP),44374,736,中国
316,费森尤斯集团（FRESENIUS),44361,2149,德国
317,仁宝电脑（COMPAL ELECTRONICS),44243,452,中国
318,迪尔公司（DEERE),44024,5963,美国
319,乔治威斯顿公司（GEORGE WESTON),43924,343,加拿大
320,美国运通公司（AMERICAN EXPRESS),43663,8060,美国
321,上海建工集团股份有限公司（SHANGHAI CONSTRUCTION GROUP),43572,584,中国
322,中国航天科技集团有限公司（CHINA AEROSPACE SCIENCE & TECHNOLOGY),43419,3099,中国
323,沃尔沃集团（VOLVO),43388,3821,瑞典
324,中国电子信息产业集团有限公司（CHINA ELECTRONICS),43118,-158,中国
325,雅培公司（ABBOTT LABORATORIES),43075,7071,美国
326,中国华电集团有限公司（CHINA HUADIAN),42855,374,中国
327,StoneX集团（STONEX GROUP),42534,116,美国
328,首钢集团有限公司（SHOUGANG GROUP),42090,210,中国
329,Plains GP Holdings公司（PLAINS GP HOLDINGS),42078,60,美国
330,奥地利石油天然气集团（OMV GROUP),42037,2585,奥地利
331,英美资源集团（ANGLO AMERICAN),41554,8562,英国
332,山东钢铁集团有限公司（SHANDONG IRON & STEEL GROUP),41318,851,中国
333,伊塔乌联合银行控股公司（ITAú UNIBANCO HOLDING),41174,4962,巴西
334,中国太平保险集团有限责任公司（CHINA TAIPING INSURANCE GROUP),41090,473,中国
335,法国国营铁路集团（SNCF GROUP),41088,1052,法国
336,杭州钢铁集团有限公司（HANGZHOU IRON AND STEEL GROUP),41008,349,中国
337,德国中央合作银行（DZ BANK),41004,2359,德国
338,安达保险公司（CHUBB),40963,8539,瑞士
339,金川集团股份有限公司（JINCHUAN GROUP),40957,964,中国
340,法国邮政（LA POSTE),40919,2446,法国
341,中国航天科工集团有限公司（CHINA AEROSPACE SCIENCE & INDUSTRY),40856,2108,中国
342,森宝利公司（J. SAINSBURY),40831,924,英国
343,Enterprise Products Partners公司（ENTERPRISE PRODUCTS PARTNERS),40806,4637,美国
344,蒂森克虏伯（THYSSENKRUPP),40647,-137,德国
345,瑞银集团（UBS GROUP),40638,7457,瑞士
346,泰康保险集团股份有限公司（TAIKANG INSURANCE GROUP),40607,3826,中国
347,美国教师退休基金会（TIAA),40526,4060,美国
348,甲骨文公司（ORACLE),40479,13746,美国
349,广达电脑公司（QUANTA COMPUTER),40439,1204,中国
350,德意志银行（DEUTSCHE BANK),40187,2897,德国
351,三菱电机股份有限公司（MITSUBISHI ELECTRIC),39851,1811,日本
352,西班牙对外银行（BANCO BILBAO VIZCAYA ARGENTARIA),39806,5501,西班牙
353,安徽海螺集团有限责任公司（ANHUI CONCH GROUP),39699,1922,中国
354,大和房建（DAIWA HOUSE INDUSTRY),39520,2005,日本
355,赛默飞世尔科技公司（THERMO FISHER SCIENTIFIC),39211,7725,美国
356,新希望控股集团有限公司（NEW HOPE HOLDING GROUP),39168,335,中国
357,KOC集团（KO? HOLDING),39014,1709,土耳其
358,日本钢铁工程控股公司（JFE HOLDINGS),38858,2564,日本
359,可口可乐公司（COCA-COLA),38655,9771,美国
360,广州市建筑集团有限公司（GUANGZHOU MUNICIPAL CONSTRUCTION GROUP),38624,144,中国
361,通用动力（GENERAL DYNAMICS),38469,3257,美国
362,CHS公司（CHS),38448,554,美国
363,北京建龙重工集团有限公司（BEIJING JIANLONG HEAVY INDUSTRY GROUP),38356,556,中国
364,中国核工业集团有限公司（CHINA NATIONAL NUCLEAR),38327,1186,中国
365,西班牙ACS集团（ACS),38316,3600,西班牙
366,多伦多道明银行（TORONTO-DOMINION BANK),38274,11367,加拿大
367,欧莱雅（L'ORéAL),38174,5435,法国
368,巴登-符滕堡州能源公司（ENERGIE BADEN-WüRTTEMBERG),38009,429,德国
369,LG化学公司（LG CHEM),37829,3206,韩国
370,印度塔塔汽车公司（TATA MOTORS),37797,-1536,印度
371,ELO集团（ELO GROUP),37677,406,法国
372,深圳市投资控股有限公司（SHENZHEN INVESTMENT HOLDINGS),37599,1649,中国
373,SK海力士公司（SK HYNIX),37574,8391,韩国
374,巴克莱（BARCLAYS),37561,9872,英国
375,Enbridge公司（ENBRIDGE),37548,4937,加拿大
376,国泰金融控股股份有限公司（CATHAY FINANCIAL HOLDING),37533,4995,中国
377,日本明治安田生命保险公司（MEIJI YASUDA LIFE INSURANCE),37515,1618,日本
378,意大利邮政集团（POSTE ITALIANE),37491,1865,意大利
379,联合服务汽车协会（UNITED SERVICES AUTOMOBILE ASSN.),37469,3300,美国
380,Finatis公司（FINATIS),37457,-196,法国
381,阿斯利康（ASTRAZENECA),37417,112,英国
382,KB金融集团（KB FINANCIAL GROUP),37197,3853,韩国
383,损保控股有限公司（SOMPO HOLDINGS),37098,2001,日本
384,Cenovus Energy公司（CENOVUS ENERGY),36979,468,加拿大
385,中国中车集团有限公司（CRRC GROUP),36963,888,中国
386,敬业集团有限公司（JINGYE GROUP),36882,891,中国
387,西北互助人寿保险公司（NORTHWESTERN MUTUAL),36751,977,美国
388,日本三井住友金融集团（SUMITOMO MITSUI FINANCIAL GROUP),36596,6290,日本
389,纽柯（NUCOR),36483,6827,美国
390,现代摩比斯公司（HYUNDAI MOBIS),36441,2055,韩国
391,Exelon公司（EXELON),36347,1706,美国
392,麦格纳国际（MAGNA INTERNATIONAL),36242,1514,加拿大
393,长江和记实业有限公司（CK HUTCHISON HOLDINGS),36133,4308,中国
394,菲尼克斯医药公司（PHOENIX PHARMA),36106,208,德国
395,万通互惠理财公司（MASSACHUSETTS MUTUAL LIFE INSURANCE),35899,319,美国
396,德迅集团（KUEHNE + NAGEL INTERNATIONAL),35891,2223,瑞士
397,怡和集团（JARDINE MATHESON),35862,1881,中国
398,Raízen公司（RAíZEN),35857,590,巴西
399,美国诺斯洛普格拉曼公司（NORTHROP GRUMMAN),35667,7005,美国
400,铜陵有色金属集团控股有限公司（TONGLING NONFERROUS METALS GROUP),35511,49,中国
401,三菱化学控股（MITSUBISHI CHEMICAL HOLDINGS),35402,1577,日本
402,3M公司（3M),35355,5921,美国
403,英美烟草集团（BRITISH AMERICAN TOBACCO),35321,9353,英国
404,日本瑞穗金融集团（MIZUHO FINANCIAL GROUP),35279,4722,日本
405,海尔智家股份有限公司（HAIER SMART HOME),35278,2025,中国
406,新加坡奥兰集团（OLAM GROUP),34987,511,新加坡
407,紫金矿业集团股份有限公司（ZIJIN MINING GROUP),34897,2429,中国
408,贺利氏控股集团（HERAEUS HOLDING),34886,426,德国
409,爱信（AISIN),34872,1263,日本
410,Travelers公司（TRAVELERS),34816,3662,美国
411,中国大唐集团有限公司（CHINA DATANG),34699,-2903,中国
412,龙湖集团控股有限公司（LONGFOR GROUP HOLDINGS),34630,3698,中国
413,蜀道投资集团有限责任公司（SHUDAO INVESTMENT GROUP),34549,428,中国
414,中国航空油料集团有限公司（CHINA NATIONAL AVIATION FUEL GROUP),34519,430,中国
415,艾睿电子（ARROW ELECTRONICS),34477,1108,美国
416,新华人寿保险股份有限公司（NEW CHINA LIFE INSURANCE),34475,2317,中国
417,霍尼韦尔国际公司（HONEYWELL INTERNATIONAL),34392,5542,美国
418,日本三菱重工业股份有限公司（MITSUBISHI HEAVY INDUSTRIES),34363,1010,日本
419,Dollar General公司（DOLLAR GENERAL),34220,2399,美国
420,施耐德电气（SCHNEIDER ELECTRIC),34175,3788,法国
421,湖南钢铁集团有限公司（HUNAN IRON & STEEL GROUP),34061,1268,中国
422,潞安化工集团有限公司（LU’AN CHEMICAL GROUP),34043,-272,中国
423,西门子能源（SIEMENS ENERGY),34036,-541,德国
424,波兰国营石油公司（PKN ORLEN GROUP),34026,2881,波兰
425,荷兰国际集团（ING GROUP),33851,7036,荷兰
426,菲尼克斯集团控股公司（PHOENIX GROUP HOLDINGS),33749,-1151,英国
427,法国威立雅环境集团（VEOLIA ENVIRONNEMENT),33706,478,法国
428,Coop集团（COOP GROUP),33649,611,瑞士
429,高通（QUALCOMM),33566,9043,美国
430,上海医药集团股份有限公司（SHANGHAI PHARMACEUTICALS HOLDING),33459,789,中国
431,山西焦煤集团有限责任公司（SHANXI COKING COAL GROUP),33380,-426,中国
432,CarMax公司（CARMAX),33197,1151,美国
433,SAP公司（SAP),32918,6214,德国
434,新疆中泰（集团）有限责任公司（XINJIANG ZHONGTAI GROUP),32890,48,中国
435,塔塔钢铁（TATA STEEL),32861,5391,印度
436,比亚迪股份有限公司（BYD),32758,472,中国
437,Rajesh Exports公司（RAJESH EXPORTS),32649,135,印度
438,Inditex公司（INDITEX),32572,3811,西班牙
439,巴西布拉德斯科银行（BANCO BRADESCO),32556,4297,巴西
440,富邦金融控股股份有限公司（FUBON FINANCIAL HOLDING),32223,5175,中国
441,顺丰控股股份有限公司（S.F. HOLDING),32120,661,中国
442,住友生命保险公司（SUMITOMO LIFE INSURANCE),32041,406,日本
443,第一资本金融公司（CAPITAL ONE FINANCIAL),32033,12390,美国
444,佳能（CANON),32005,1956,日本
445,广西投资集团有限公司（GUANGXI INVESTMENT GROUP),31962,78,中国
446,富士通（FUJITSU),31929,1626,日本
447,云南省投资控股集团有限公司（YUNNAN PROVINCIAL INVESTMENT HOLDING GROUP),31883,275,中国
448,武田药品公司（TAKEDA PHARMACEUTICAL),31771,2048,日本
449,铃木汽车（SUZUKI MOTOR),31765,1427,日本
450,Migros集团（MIGROS GROUP),31657,732,瑞士
451,TD Synnex公司（TD SYNNEX),31614,395,美国
452,潍柴动力股份有限公司（WEICHAI POWER),31556,1434,中国
453,新疆广汇实业投资（集团）有限责任公司（XINJIANG GUANGHUI INDUSTRY INVESTMENT),31505,65,中国
454,菲利普－莫里斯国际公司（PHILIP MORRIS INTERNATIONAL),31405,9109,美国
455,全球燃料服务公司（WORLD FUEL SERVICES),31337,73,美国
456,加拿大丰业银行（BANK OF NOVA SCOTIA),31226,7651,加拿大
457,森科能源公司（SUNCOR ENERGY),31190,3285,加拿大
458,山东高速集团有限公司（SHANDONG HI-SPEED GROUP),31135,685,中国
459,海亮集团有限公司（HAILIANG GROUP),31048,127,中国
460,CRH公司（CRH),30981,2565,爱尔兰
461,Investor公司（INVESTOR),30948,26585,瑞典
462,纬创集团（WISTRON),30866,374,中国
463,林德集团（LINDE),30798,3826,英国
464,三星人寿保险（SAMSUNG LIFE INSURANCE),30654,1284,韩国
465,巴西银行（BANCO DO BRASIL),30601,3401,巴西
466,成都兴城投资集团有限公司（CHENGDU XINGCHENG INVESTMENT GROUP),30552,341,中国
467,广州医药集团有限公司（GUANGZHOU PHARMACEUTICAL HOLDINGS),30466,320,中国
468,Performance Food Group公司（PERFORMANCE FOOD GROUP),30398,40,美国
469,上海德龙钢铁集团有限公司（SHANGHAI DELONG STEEL GROUP),30343,787,中国
470,GS加德士（GS CALTEX),30181,919,韩国
471,Mercadona公司（MERCADONA),30169,804,西班牙
472,CJ集团（CJ CORP.),30134,240,韩国
473,美敦力公司（MEDTRONIC),30117,3606,爱尔兰
474,三星C&T公司（SAMSUNG C&T),30108,1428,韩国
475,台湾中油股份有限公司（CPC),30021,-1406,中国
476,住友电工（SUMITOMO ELECTRIC INDUSTRIES),29980,857,日本
477,X5零售集团（X5 RETAIL GROUP),29921,580,荷兰
478,达美航空（DELTA AIR LINES),29899,280,美国
479,美国航空集团（AMERICAN AIRLINES GROUP),29882,-1993,美国
480,东芝（TOSHIBA),29705,1732,日本
481,Netflix公司（NETFLIX),29697,5116,美国
482,麦德龙（METRO),29594,-66,德国
483,派拉蒙环球公司（PARAMOUNT GLOBAL),29579,4543,美国
484,普利司通（BRIDGESTONE),29570,3589,日本
485,US Foods Holding公司（US FOODS HOLDING),29487,164,美国
486,丹纳赫公司（DANAHER),29453,6433,美国
487,珠海格力电器股份有限公司（GREE ELECTRIC APPLIANCES),29402,3575,中国
488,豪瑞（HOLCIM),29362,2514,瑞士
489,Medipal控股公司（MEDIPAL HOLDINGS),29295,261,日本
490,捷普公司（JABIL),29285,696,美国
491,任仕达公司（RANDSTAD),29126,908,荷兰
492,星巴克公司（STARBUCKS),29060,4199,美国
493,Coles集团（COLES GROUP),29055,750,澳大利亚
494,瑞士信贷（CREDIT SUISSE GROUP),29043,-1805,瑞士
495,莱茵集团（RWE),28997,852,德国
496,DSV公司（DSV),28987,1781,丹麦
497,瑞士ABB集团（ABB),28945,4546,瑞士
498,亿滋国际（MONDELEZ INTERNATIONAL),28720,4300,美国
499,达能（DANONE),28708,2274,法国
500,优美科公司（UMICORE),28649,731,比利时